{
    "observation.state": {
        "mean": [
            -0.21760067343711853,
            0.15615214407444,
            -0.15991245210170746,
            -2.282796859741211,
            0.014021536335349083,
            2.4617114067077637,
            -1.6995683908462524,
            -0.12740954756736755
        ],
        "std": [
            0.03880493342876434,
            0.19236330687999725,
            0.064842090010643,
            0.2461843192577362,
            0.05645381286740303,
            0.1819000095129013,
            0.570008397102356,
            0.9919295907020569
        ],
        "min": [
            -0.31049850583076477,
            -0.29005110263824463,
            -0.28886064887046814,
            -2.7800347805023193,
            -0.1943816989660263,
            1.8162381649017334,
            -2.644913673400879,
            -1.0
        ],
        "max": [
            -0.14067572355270386,
            0.5923594832420349,
            0.07531148940324783,
            -1.7483149766921997,
            0.16142451763153076,
            2.7736878395080566,
            -0.049002595245838165,
            1.0
        ],
        "q01": [
            -0.31016152799129487,
            -0.19977677285671233,
            -0.2741361254453659,
            -2.740140242576599,
            -0.13795332849025727,
            1.9725951218605042,
            -2.602869539260864,
            -1.0
        ],
        "q99": [
            -0.1439138075709343,
            0.4954713785648344,
            -0.001442720179911863,
            -1.856394531726837,
            0.15503907978534698,
            2.7231350326538086,
            -0.6973695087432862,
            1.0
        ]
    },
    "action": {
        "mean": [
            -0.217742457985878,
            0.1563824713230133,
            -0.15992923080921173,
            -2.282846212387085,
            0.013989114202558994,
            2.462087631225586,
            -1.699756383895874,
            -0.12740954756736755
        ],
        "std": [
            0.03866173326969147,
            0.19224388897418976,
            0.06486755609512329,
            0.2461777776479721,
            0.05650888383388519,
            0.1812436282634735,
            0.5697886943817139,
            0.9919295907020569
        ],
        "min": [
            -0.31049850583076477,
            -0.29005110263824463,
            -0.28886064887046814,
            -2.7800347805023193,
            -0.1943816989660263,
            1.8162381649017334,
            -2.644913673400879,
            -1.0
        ],
        "max": [
            -0.14087671041488647,
            0.5923594832420349,
            0.07531148940324783,
            -1.7483149766921997,
            0.16142451763153076,
            2.7736878395080566,
            -0.049002595245838165,
            1.0
        ],
        "q01": [
            -0.31016152799129487,
            -0.19977677285671233,
            -0.2741361254453659,
            -2.740140242576599,
            -0.13795332849025727,
            1.972594141960144,
            -2.602869539260864,
            -1.0
        ],
        "q99": [
            -0.14410695254802705,
            0.4954713785648344,
            -0.0013069405942223995,
            -1.856394531726837,
            0.1550404679775238,
            2.7231350326538086,
            -0.6973695087432862,
            1.0
        ]
    },
    "timestamp": {
        "mean": [
            8.784391403198242
        ],
        "std": [
            5.208462238311768
        ],
        "min": [
            0.05000000074505806
        ],
        "max": [
            24.649999618530273
        ],
        "q01": [
            0.20000000298023224
        ],
        "q99": [
            19.812999534606853
        ]
    },
    "annotation.human.action.task_description": {
        "mean": [
            0.0
        ],
        "std": [
            0.0
        ],
        "min": [
            0.0
        ],
        "max": [
            0.0
        ],
        "q01": [
            0.0
        ],
        "q99": [
            0.0
        ]
    },
    "task_index": {
        "mean": [
            0.0
        ],
        "std": [
            0.0
        ],
        "min": [
            0.0
        ],
        "max": [
            0.0
        ],
        "q01": [
            0.0
        ],
        "q99": [
            0.0
        ]
    },
    "episode_index": {
        "mean": [
            24.643705368041992
        ],
        "std": [
            14.345938682556152
        ],
        "min": [
            0.0
        ],
        "max": [
            49.0
        ],
        "q01": [
            0.0
        ],
        "q99": [
            49.0
        ]
    },
    "index": {
        "mean": [
            8637.0
        ],
        "std": [
            4986.86279296875
        ],
        "min": [
            0.0
        ],
        "max": [
            17274.0
        ],
        "q01": [
            172.74
        ],
        "q99": [
            17101.26
        ]
    },
    "next.reward": {
        "mean": [
            0.0
        ],
        "std": [
            0.0
        ],
        "min": [
            0.0
        ],
        "max": [
            0.0
        ],
        "q01": [
            0.0
        ],
        "q99": [
            0.0
        ]
    },
    "next.done": {
        "mean": [
            0.0
        ],
        "std": [
            0.0
        ],
        "min": [
            0.0
        ],
        "max": [
            0.0
        ],
        "q01": [
            0.0
        ],
        "q99": [
            0.0
        ]
    }
}